claim_id,denial_probability,predicted_denial,risk_tier,top_risk_factors,explanation
CCLM-00082,0.9495,1,High,total billed amount; documentation appears incomplete or missing; expected payment amount,[NOT GENERATED -- no API key set. See prompt below.]
CCLM-00087,0.9443,1,High,documentation appears incomplete or missing; submission timing; prior authorization on file,[NOT GENERATED -- no API key set. See prompt below.]
CCLM-00372,0.923,1,High,prior authorization required but not on file; documentation appears incomplete or missing; payer (P008),[NOT GENERATED -- no API key set. See prompt below.]
CCLM-00049,0.9107,1,High,prior authorization required but not on file; documentation appears incomplete or missing; referral required but not present,[NOT GENERATED -- no API key set. See prompt below.]
CCLM-00344,0.9045,1,High,prior authorization required but not on file; documentation appears incomplete or missing; referral on file,[NOT GENERATED -- no API key set. See prompt below.]
CCLM-00446,0.9026,1,High,documentation appears incomplete or missing; referral on file; expected payment vs. billed amount,[NOT GENERATED -- no API key set. See prompt below.]
CCLM-00136,0.9003,1,High,total billed amount; documentation appears incomplete or missing; expected payment amount,[NOT GENERATED -- no API key set. See prompt below.]
CCLM-00285,0.8995,1,High,prior authorization required but not on file; documentation appears incomplete or missing; total billed amount,[NOT GENERATED -- no API key set. See prompt below.]
CCLM-00259,0.8836,1,High,prior authorization required but not on file; payer (P008); referral required but not present,[NOT GENERATED -- no API key set. See prompt below.]
CCLM-00213,0.8827,1,High,prior authorization required but not on file; submission timing; payer (P006),[NOT GENERATED -- no API key set. See prompt below.]
CCLM-00177,0.8748,1,High,prior authorization required but not on file; documentation appears incomplete or missing; payer (P003),
CCLM-00023,0.8747,1,High,prior authorization required but not on file; documentation appears incomplete or missing; submission timing,
CCLM-00416,0.8712,1,High,prior authorization required but not on file; visit type (Inpatient); payer type (Commercial),
CCLM-00352,0.8655,1,High,prior authorization required but not on file; documentation appears incomplete or missing; expected payment vs. billed amount,
CCLM-00135,0.8619,1,High,documentation appears incomplete or missing; total billed amount; submission timing,
CCLM-00028,0.858,1,High,documentation appears incomplete or missing; visit type (Inpatient); prior authorization requirement,
CCLM-00163,0.8565,1,High,prior authorization required but not on file; payer (P008); referral required but not present,
CCLM-00062,0.8508,1,High,prior authorization required but not on file; expected payment vs. billed amount; payer (P006),
CCLM-00459,0.8447,1,High,prior authorization required but not on file; expected payment vs. billed amount; payer type (Commercial),
CCLM-00013,0.8441,1,High,prior authorization required but not on file; expected payment vs. billed amount; referral on file,
CCLM-00383,0.8402,1,High,payer (P008); expected payment vs. billed amount; referral required but not present,
CCLM-00279,0.8275,1,High,documentation appears incomplete or missing; submission timing; prior authorization on file,
CCLM-00099,0.8252,1,High,prior authorization required but not on file; expected payment vs. billed amount; visit type (Inpatient),
CCLM-00476,0.8227,1,High,documentation appears incomplete or missing; payer (P008); expected payment vs. billed amount,
CCLM-00280,0.8196,1,High,documentation appears incomplete or missing; expected payment vs. billed amount; prior authorization on file,
CCLM-00134,0.8192,1,High,prior authorization required but not on file; documentation appears incomplete or missing; referral required but not present,
CCLM-00407,0.8189,1,High,prior authorization required but not on file; documentation appears incomplete or missing; total billed amount,
CCLM-00176,0.816,1,High,prior authorization required but not on file; referral on file; visit type (Inpatient),
CCLM-00470,0.8152,1,High,prior authorization required but not on file; total billed amount; expected payment amount,
CCLM-00221,0.8065,1,High,documentation appears incomplete or missing; expected payment vs. billed amount; payer (P008),
CCLM-00170,0.8052,1,High,documentation appears incomplete or missing; payer (P003); prior authorization on file,
CCLM-00063,0.8048,1,High,expected payment vs. billed amount; submission timing; prior authorization on file,
CCLM-00147,0.793,1,High,prior authorization required but not on file; payer (P006); expected payment vs. billed amount,
CCLM-00380,0.7853,1,High,documentation appears incomplete or missing; submission timing; expected payment vs. billed amount,
CCLM-00477,0.7839,1,High,prior authorization required but not on file; visit type (Inpatient); payer type (Commercial),
CCLM-00307,0.7811,1,High,documentation appears incomplete or missing; submission timing; prior authorization requirement,
CCLM-00386,0.78,1,High,documentation appears incomplete or missing; submission timing; total billed amount,
CCLM-00214,0.7741,1,High,expected payment vs. billed amount; submission timing; prior authorization requirement,
CCLM-00481,0.7682,1,High,prior authorization required but not on file; submission timing; referral on file,
CCLM-00125,0.7681,1,High,documentation appears incomplete or missing; payer (P003); prior authorization requirement,
CCLM-00252,0.7671,1,High,documentation appears incomplete or missing; total billed amount; expected payment amount,
CCLM-00272,0.7604,1,High,submission timing; prior authorization requirement; payer type (Commercial),
CCLM-00500,0.7589,1,High,documentation appears incomplete or missing; submission timing; visit type (Inpatient),
CCLM-00290,0.7503,1,High,prior authorization required but not on file; expected payment vs. billed amount; visit type (Inpatient),
CCLM-00439,0.7477,1,High,documentation appears incomplete or missing; payer (P003); referral required but not present,
CCLM-00492,0.7475,1,High,documentation appears incomplete or missing; expected payment vs. billed amount; prior authorization on file,
CCLM-00179,0.7462,1,High,prior authorization required but not on file; expected payment vs. billed amount; payer (P008),
CCLM-00094,0.7436,1,High,prior authorization required but not on file; referral on file; visit type (Inpatient),
CCLM-00165,0.7419,1,High,prior authorization required but not on file; payer (P006); payer type (Commercial),
CCLM-00051,0.7388,1,High,prior authorization required but not on file; documentation appears incomplete or missing; referral on file,
CCLM-00116,0.7338,1,High,expected payment vs. billed amount; referral required but not present; prior authorization requirement,
CCLM-00370,0.7328,1,High,payer (P008); prior authorization on file; expected payment vs. billed amount,
CCLM-00152,0.7299,1,High,documentation appears incomplete or missing; total billed amount; expected payment amount,
CCLM-00203,0.7199,1,High,documentation appears incomplete or missing; prior authorization on file; prior authorization requirement,
CCLM-00463,0.7138,1,High,total billed amount; submission timing; expected payment vs. billed amount,
CCLM-00174,0.7133,1,High,documentation appears incomplete or missing; prior authorization requirement; payer type (Commercial),
CCLM-00204,0.7084,1,High,documentation appears incomplete or missing; payer (P003); referral required but not present,
CCLM-00207,0.7067,1,High,submission timing; referral required but not present; prior authorization on file,
CCLM-00381,0.7063,1,High,documentation appears incomplete or missing; submission timing; prior authorization on file,
CCLM-00130,0.7027,1,High,documentation appears incomplete or missing; prior authorization on file; prior authorization requirement,
CCLM-00334,0.7024,1,High,submission timing; prior authorization on file; prior authorization requirement,
CCLM-00037,0.7,1,High,prior authorization required but not on file; submission timing; referral requirement,
CCLM-00295,0.6975,1,High,expected payment vs. billed amount; prior authorization on file; prior authorization requirement,
CCLM-00088,0.6974,1,High,expected payment vs. billed amount; prior authorization on file; prior authorization requirement,
CCLM-00224,0.6953,1,High,prior authorization required but not on file; visit type (Inpatient); payer type (Commercial),
CCLM-00019,0.6922,1,High,documentation appears incomplete or missing; prior authorization on file; visit type (Inpatient),
CCLM-00042,0.6918,1,High,prior authorization required but not on file; documentation appears incomplete or missing; referral requirement,
CCLM-00011,0.6907,1,High,total billed amount; expected payment vs. billed amount; referral on file,
CCLM-00468,0.687,1,High,documentation appears incomplete or missing; payer (P006); prior authorization requirement,
CCLM-00068,0.6869,1,High,documentation appears incomplete or missing; payer (P003); number of diagnosis codes,
CCLM-00377,0.6868,1,High,prior authorization required but not on file; visit type (Inpatient); payer type (Commercial),
CCLM-00085,0.6846,1,High,prior authorization required but not on file; visit type (Inpatient); payer type (Commercial),
CCLM-00058,0.6839,1,High,documentation appears incomplete or missing; prior authorization on file; visit type (Inpatient),
CCLM-00117,0.679,1,High,payer (P008); expected payment vs. billed amount; prior authorization requirement,
CCLM-00471,0.6756,1,High,prior authorization required but not on file; referral on file; visit type (Inpatient),
CCLM-00317,0.6742,1,High,documentation appears incomplete or missing; prior authorization on file; visit type (Inpatient),
CCLM-00139,0.6738,1,High,documentation appears incomplete or missing; prior authorization on file; visit type (Inpatient),
CCLM-00254,0.673,1,High,documentation appears incomplete or missing; referral on file; visit type (Inpatient),
CCLM-00385,0.6713,1,High,documentation appears incomplete or missing; payer (P003); prior authorization on file,
CCLM-00461,0.6711,1,High,prior authorization required but not on file; total billed amount; visit type (Inpatient),
CCLM-00365,0.6711,1,High,documentation appears incomplete or missing; referral on file; visit type (Inpatient),
CCLM-00410,0.6657,1,High,submission timing; prior authorization on file; payer type (Commercial),
CCLM-00180,0.6643,1,High,documentation appears incomplete or missing; payer (P008); expected payment vs. billed amount,
CCLM-00455,0.6587,1,High,expected payment vs. billed amount; payer (P008); referral required but not present,
CCLM-00108,0.6565,1,High,documentation appears incomplete or missing; referral on file; expected payment vs. billed amount,
CCLM-00310,0.656,1,High,prior authorization on file; payer (P006); visit type (Inpatient),
CCLM-00305,0.6554,1,High,submission timing; visit type (Inpatient); prior authorization requirement,
CCLM-00432,0.6541,1,High,prior authorization required but not on file; documentation appears incomplete or missing; referral on file,
CCLM-00166,0.6539,1,High,documentation appears incomplete or missing; prior authorization requirement; payer type (Commercial),
CCLM-00388,0.6531,1,High,payer (P008); referral required but not present; prior authorization on file,
CCLM-00039,0.6503,1,High,documentation appears incomplete or missing; referral on file; prior authorization on file,
CCLM-00006,0.6501,1,High,documentation appears incomplete or missing; prior authorization requirement; payer type (Commercial),
CCLM-00392,0.6493,1,High,payer (P008); expected payment vs. billed amount; referral required but not present,
CCLM-00288,0.645,1,High,expected payment vs. billed amount; prior authorization requirement; payer type (Commercial),
CCLM-00137,0.6446,1,High,payer (P008); prior authorization on file; payer type (Commercial),
CCLM-00104,0.6412,1,High,prior authorization required but not on file; submission timing; referral requirement,
CCLM-00044,0.6403,1,High,expected payment vs. billed amount; referral on file; prior authorization requirement,
CCLM-00182,0.6396,1,High,documentation appears incomplete or missing; referral on file; payer (P006),
CCLM-00032,0.6383,1,High,documentation appears incomplete or missing; prior authorization requirement; payer type (Commercial),
CCLM-00231,0.6379,1,High,payer (P006); prior authorization requirement; payer type (Commercial),
CCLM-00222,0.6378,1,High,payer (P008); referral on file; expected payment vs. billed amount,
CCLM-00077,0.6377,1,High,expected payment vs. billed amount; referral required but not present; prior authorization on file,
CCLM-00338,0.6367,1,High,expected payment vs. billed amount; payer (P008); prior authorization requirement,
CCLM-00217,0.6365,1,High,prior authorization required but not on file; payer (P003); referral requirement,
CCLM-00345,0.6327,0,Medium,total billed amount; expected payment amount; prior authorization on file,
CCLM-00299,0.6306,0,Medium,documentation appears incomplete or missing; expected payment vs. billed amount; referral on file,
CCLM-00248,0.6274,0,Medium,documentation appears incomplete or missing; prior authorization on file; visit type (Inpatient),
CCLM-00196,0.6263,0,Medium,expected payment vs. billed amount; prior authorization on file; visit type (Inpatient),
CCLM-00447,0.6261,0,Medium,submission timing; prior authorization requirement; payer type (Commercial),
CCLM-00491,0.6242,0,Medium,documentation appears incomplete or missing; referral on file; expected payment vs. billed amount,
CCLM-00269,0.6236,0,Medium,expected payment vs. billed amount; referral required but not present; prior authorization on file,
CCLM-00239,0.6229,0,Medium,prior authorization required but not on file; expected payment vs. billed amount; referral on file,
CCLM-00055,0.6214,0,Medium,prior authorization required but not on file; payer type (Commercial); referral requirement,
CCLM-00209,0.6211,0,Medium,prior authorization requirement; expected payment vs. billed amount; payer type (Commercial),
CCLM-00294,0.6182,0,Medium,prior authorization required but not on file; expected payment vs. billed amount; referral on file,
CCLM-00189,0.6175,0,Medium,referral on file; payer (P006); visit type (Inpatient),
CCLM-00378,0.6158,0,Medium,expected payment vs. billed amount; submission timing; referral on file,
CCLM-00313,0.6154,0,Medium,total billed amount; expected payment amount; prior authorization on file,
CCLM-00328,0.6152,0,Medium,expected payment vs. billed amount; referral required but not present; visit type (Inpatient),
CCLM-00040,0.6144,0,Medium,total billed amount; expected payment amount; visit type (Inpatient),
CCLM-00003,0.6135,0,Medium,payer (P006); prior authorization requirement; payer type (Commercial),
CCLM-00168,0.6122,0,Medium,referral required but not present; expected payment vs. billed amount; prior authorization on file,
CCLM-00443,0.6089,0,Medium,submission timing; prior authorization on file; prior authorization requirement,
CCLM-00202,0.6048,0,Medium,documentation appears incomplete or missing; visit type (Inpatient); prior authorization requirement,
CCLM-00384,0.6046,0,Medium,documentation appears incomplete or missing; prior authorization on file; payer type (Commercial),
CCLM-00421,0.6042,0,Medium,referral on file; prior authorization on file; payer (P006),
CCLM-00098,0.6027,0,Medium,expected payment vs. billed amount; prior authorization on file; visit type (Inpatient),
CCLM-00103,0.6011,0,Medium,prior authorization required but not on file; payer (P003); referral requirement,
CCLM-00017,0.6007,0,Medium,documentation appears incomplete or missing; prior authorization on file; payer type (Commercial),
CCLM-00230,0.6003,0,Medium,submission timing; referral on file; prior authorization on file,
CCLM-00240,0.5998,0,Medium,documentation appears incomplete or missing; payer (P003); prior authorization on file,
CCLM-00341,0.5982,0,Medium,referral required but not present; payer (P006); prior authorization requirement,
CCLM-00270,0.5975,0,Medium,payer (P008); submission timing; prior authorization requirement,
CCLM-00397,0.5974,0,Medium,payer (P008); expected payment vs. billed amount; prior authorization on file,
CCLM-00308,0.5968,0,Medium,documentation appears incomplete or missing; expected payment vs. billed amount; referral on file,
CCLM-00046,0.5957,0,Medium,documentation appears incomplete or missing; visit type (Inpatient); prior authorization requirement,
CCLM-00255,0.5922,0,Medium,prior authorization required but not on file; payer (P003); referral requirement,
CCLM-00054,0.5919,0,Medium,documentation appears incomplete or missing; total billed amount; expected payment amount,
CCLM-00324,0.59,0,Medium,prior authorization required but not on file; visit type (Inpatient); referral requirement,
CCLM-00473,0.5885,0,Medium,documentation appears incomplete or missing; submission timing; prior authorization on file,
CCLM-00092,0.5879,0,Medium,total billed amount; expected payment amount; prior authorization on file,
CCLM-00431,0.5875,0,Medium,documentation appears incomplete or missing; referral on file; prior authorization on file,
CCLM-00268,0.5867,0,Medium,submission timing; referral on file; expected payment vs. billed amount,
CCLM-00187,0.5847,0,Medium,documentation appears incomplete or missing; payer (P003); prior authorization requirement,
CCLM-00158,0.5829,0,Medium,documentation appears incomplete or missing; prior authorization on file; visit type (Inpatient),
CCLM-00296,0.5824,0,Medium,prior authorization on file; payer type (Commercial); referral requirement,
CCLM-00364,0.5811,0,Medium,documentation appears incomplete or missing; referral on file; visit type (Inpatient),
CCLM-00124,0.5807,0,Medium,submission timing; payer (P008); referral on file,
CCLM-00247,0.5806,0,Medium,payer (P008); expected payment vs. billed amount; referral on file,
CCLM-00311,0.5798,0,Medium,prior authorization required but not on file; number of diagnosis codes; referral requirement,
CCLM-00376,0.577,0,Medium,submission timing; prior authorization requirement; payer type (Commercial),
CCLM-00405,0.5765,0,Medium,documentation appears incomplete or missing; prior authorization requirement; payer type (Commercial),
CCLM-00360,0.573,0,Medium,expected payment vs. billed amount; prior authorization on file; payer (P006),
CCLM-00190,0.5727,0,Medium,prior authorization requirement; payer type (Commercial); expected payment vs. billed amount,
CCLM-00053,0.5715,0,Medium,documentation appears incomplete or missing; payer (P003); prior authorization requirement,
CCLM-00402,0.5685,0,Medium,prior authorization required but not on file; visit type (Inpatient); submission timing,
CCLM-00102,0.5659,0,Medium,expected payment vs. billed amount; prior authorization requirement; submission timing,
CCLM-00157,0.5648,0,Medium,prior authorization requirement; payer type (Commercial); referral requirement,
CCLM-00253,0.5614,0,Medium,referral on file; expected payment vs. billed amount; prior authorization requirement,
CCLM-00143,0.5607,0,Medium,prior authorization required but not on file; referral requirement; provider out of network for this payer,
CCLM-00115,0.5606,0,Medium,submission timing; documentation appears incomplete or missing; prior authorization requirement,
CCLM-00282,0.5592,0,Medium,expected payment vs. billed amount; referral required but not present; payer (P006),
CCLM-00004,0.5543,0,Medium,payer (P003); total billed amount; referral on file,
CCLM-00475,0.5533,0,Medium,prior authorization on file; payer type (Commercial); referral requirement,
CCLM-00151,0.5522,0,Medium,referral on file; payer (P006); prior authorization requirement,
CCLM-00235,0.5509,0,Medium,payer (P006); submission timing; prior authorization requirement,
CCLM-00382,0.5483,0,Medium,payer (P008); referral required but not present; prior authorization requirement,
CCLM-00263,0.5458,0,Medium,prior authorization required but not on file; referral requirement; provider out of network for this payer,
CCLM-00154,0.5456,0,Medium,prior authorization required but not on file; referral requirement; provider out of network for this payer,
CCLM-00304,0.5439,0,Medium,prior authorization on file; payer (P006); payer type (Commercial),
CCLM-00212,0.54,0,Medium,referral required but not present; prior authorization on file; expected payment vs. billed amount,
CCLM-00401,0.5382,0,Medium,documentation appears incomplete or missing; referral on file; prior authorization on file,
CCLM-00390,0.537,0,Medium,payer (P003); prior authorization on file; visit type (Inpatient),
CCLM-00474,0.5369,0,Medium,prior authorization on file; payer (P006); visit type (Inpatient),
CCLM-00191,0.535,0,Medium,expected payment vs. billed amount; total billed amount; visit type (Inpatient),
CCLM-00114,0.5338,0,Medium,total billed amount; payer (P003); expected payment amount,
CCLM-00326,0.5312,0,Medium,payer (P008); prior authorization requirement; payer type (Commercial),
CCLM-00173,0.5273,0,Medium,submission timing; prior authorization on file; payer type (Commercial),
CCLM-00478,0.5264,0,Medium,payer (P008); referral on file; prior authorization on file,
CCLM-00494,0.5237,0,Medium,payer (P008); expected payment vs. billed amount; prior authorization on file,
CCLM-00435,0.5197,0,Medium,payer (P008); prior authorization on file; payer type (Commercial),
CCLM-00413,0.5183,0,Medium,payer (P003); prior authorization on file; prior authorization requirement,
CCLM-00126,0.5181,0,Medium,documentation appears incomplete or missing; submission timing; prior authorization on file,
CCLM-00422,0.5151,0,Medium,expected payment vs. billed amount; prior authorization requirement; payer type (Commercial),
CCLM-00337,0.5149,0,Medium,documentation appears incomplete or missing; prior authorization on file; visit type (Inpatient),
CCLM-00467,0.5139,0,Medium,payer (P008); expected payment vs. billed amount; prior authorization on file,
CCLM-00333,0.5131,0,Medium,payer (P006); prior authorization requirement; payer type (Commercial),
CCLM-00061,0.5118,0,Medium,submission timing; prior authorization requirement; payer type (Commercial),
CCLM-00014,0.5118,0,Medium,referral required but not present; expected payment vs. billed amount; prior authorization requirement,
CCLM-00488,0.5106,0,Medium,payer (P008); expected payment vs. billed amount; referral on file,
CCLM-00314,0.5105,0,Medium,payer (P003); referral required but not present; prior authorization on file,
CCLM-00318,0.5101,0,Medium,prior authorization required but not on file; visit type (Inpatient); total billed amount,
CCLM-00257,0.51,0,Medium,prior authorization on file; payer (P006); prior authorization requirement,
CCLM-00025,0.5098,0,Medium,referral required but not present; prior authorization on file; prior authorization requirement,
CCLM-00404,0.509,0,Medium,expected payment vs. billed amount; prior authorization on file; prior authorization requirement,
CCLM-00194,0.5089,0,Medium,expected payment vs. billed amount; prior authorization on file; prior authorization requirement,
CCLM-00199,0.5083,0,Medium,prior authorization on file; payer type (Commercial); referral requirement,
CCLM-00145,0.5083,0,Medium,visit type (Inpatient); prior authorization requirement; referral requirement,
CCLM-00009,0.5067,0,Medium,expected payment vs. billed amount; payer (P008); prior authorization requirement,
CCLM-00184,0.5055,0,Medium,visit type (Inpatient); prior authorization requirement; payer type (Commercial),
CCLM-00354,0.5035,0,Medium,expected payment vs. billed amount; prior authorization requirement; payer type (Commercial),
CCLM-00441,0.5031,0,Medium,referral on file; prior authorization requirement; payer type (Commercial),
CCLM-00206,0.5009,0,Medium,expected payment vs. billed amount; payer (P008); referral on file,
CCLM-00215,0.4946,0,Medium,payer (P008); expected payment vs. billed amount; prior authorization requirement,
CCLM-00005,0.4942,0,Medium,payer (P008); expected payment vs. billed amount; prior authorization requirement,
CCLM-00321,0.4941,0,Medium,documentation appears incomplete or missing; referral on file; prior authorization requirement,
CCLM-00408,0.4932,0,Medium,payer (P008); expected payment vs. billed amount; referral on file,
CCLM-00195,0.489,0,Medium,payer (P008); expected payment vs. billed amount; prior authorization on file,
CCLM-00262,0.4887,0,Medium,prior authorization on file; visit type (Inpatient); payer type (Commercial),
CCLM-00073,0.4863,0,Medium,payer (P008); expected payment vs. billed amount; prior authorization requirement,
CCLM-00495,0.4859,0,Medium,expected payment vs. billed amount; referral on file; prior authorization on file,
CCLM-00339,0.4844,0,Medium,expected payment vs. billed amount; payer (P008); prior authorization requirement,
CCLM-00120,0.4837,0,Medium,prior authorization on file; payer (P006); prior authorization requirement,
CCLM-00450,0.4831,0,Medium,referral required but not present; expected payment vs. billed amount; prior authorization on file,
CCLM-00192,0.4826,0,Medium,visit type (Inpatient); prior authorization requirement; expected payment vs. billed amount,
CCLM-00287,0.4817,0,Medium,documentation appears incomplete or missing; referral on file; prior authorization on file,
CCLM-00375,0.4815,0,Medium,expected payment vs. billed amount; payer (P008); prior authorization requirement,
CCLM-00050,0.4809,0,Medium,prior authorization on file; payer type (Commercial); referral requirement,
CCLM-00018,0.478,0,Medium,expected payment vs. billed amount; prior authorization requirement; payer type (Commercial),
CCLM-00080,0.4773,0,Medium,submission timing; prior authorization on file; prior authorization requirement,
CCLM-00144,0.4756,0,Medium,total billed amount; referral on file; prior authorization on file,
CCLM-00128,0.4753,0,Medium,payer (P008); referral on file; expected payment vs. billed amount,
CCLM-00487,0.4713,0,Low,submission timing; prior authorization requirement; payer type (Commercial),
CCLM-00393,0.471,0,Low,documentation appears incomplete or missing; prior authorization requirement; referral requirement,
CCLM-00156,0.4699,0,Low,referral required but not present; prior authorization requirement; payer type (Commercial),
CCLM-00089,0.4695,0,Low,expected payment vs. billed amount; referral on file; prior authorization on file,
CCLM-00015,0.4685,0,Low,payer (P003); total billed amount; visit type (Inpatient),
CCLM-00412,0.4678,0,Low,submission timing; referral on file; prior authorization requirement,
CCLM-00452,0.4643,0,Low,expected payment vs. billed amount; prior authorization requirement; payer type (Commercial),
CCLM-00424,0.4631,0,Low,referral on file; submission timing; prior authorization requirement,
CCLM-00423,0.463,0,Low,prior authorization requirement; payer type (Commercial); expected payment vs. billed amount,
CCLM-00171,0.4617,0,Low,documentation appears incomplete or missing; prior authorization requirement; referral requirement,
CCLM-00373,0.4617,0,Low,submission timing; prior authorization on file; visit type (Inpatient),
CCLM-00418,0.4606,0,Low,prior authorization on file; payer (P006); payer type (Commercial),
CCLM-00275,0.4603,0,Low,expected payment vs. billed amount; prior authorization on file; visit type (Inpatient),
CCLM-00178,0.4596,0,Low,expected payment vs. billed amount; payer (P008); prior authorization on file,
CCLM-00121,0.4593,0,Low,payer (P006); prior authorization requirement; payer type (Commercial),
CCLM-00498,0.4592,0,Low,prior authorization on file; expected payment vs. billed amount; prior authorization requirement,
CCLM-00148,0.4589,0,Low,prior authorization on file; visit type (Inpatient); referral requirement,
CCLM-00359,0.4568,0,Low,visit type (Inpatient); prior authorization requirement; payer type (Commercial),
CCLM-00319,0.4562,0,Low,expected payment vs. billed amount; referral on file; prior authorization on file,
CCLM-00048,0.4555,0,Low,payer (P003); prior authorization on file; visit type (Inpatient),
CCLM-00159,0.455,0,Low,total billed amount; referral on file; prior authorization on file,
CCLM-00101,0.454,0,Low,expected payment vs. billed amount; prior authorization requirement; payer type (Commercial),
CCLM-00052,0.4517,0,Low,documentation appears incomplete or missing; referral on file; prior authorization requirement,
CCLM-00464,0.4514,0,Low,submission timing; referral on file; prior authorization requirement,
CCLM-00251,0.4485,0,Low,prior authorization on file; prior authorization requirement; payer type (Commercial),
CCLM-00315,0.4476,0,Low,expected payment vs. billed amount; prior authorization on file; visit type (Inpatient),
CCLM-00076,0.4472,0,Low,expected payment vs. billed amount; prior authorization requirement; payer type (Commercial),
CCLM-00331,0.4425,0,Low,prior authorization on file; payer type (Commercial); referral requirement,
CCLM-00149,0.4421,0,Low,referral on file; payer (P006); visit type (Inpatient),
CCLM-00142,0.442,0,Low,prior authorization required but not on file; referral requirement; provider out of network for this payer,
CCLM-00036,0.4399,0,Low,submission timing; prior authorization requirement; referral requirement,
CCLM-00012,0.4398,0,Low,payer (P006); expected payment vs. billed amount; prior authorization requirement,
CCLM-00472,0.4382,0,Low,prior authorization on file; number of diagnosis codes; visit type (Inpatient),
CCLM-00020,0.4379,0,Low,referral on file; prior authorization on file; visit type (Inpatient),
CCLM-00436,0.4378,0,Low,prior authorization on file; payer (P006); visit type (Inpatient),
CCLM-00122,0.4374,0,Low,payer (P006); expected payment vs. billed amount; prior authorization requirement,
CCLM-00045,0.4369,0,Low,expected payment vs. billed amount; payer (P008); prior authorization on file,
CCLM-00325,0.4354,0,Low,expected payment vs. billed amount; prior authorization requirement; payer type (Commercial),
CCLM-00031,0.4348,0,Low,referral on file; prior authorization on file; visit type (Inpatient),
CCLM-00484,0.4347,0,Low,payer (P006); prior authorization requirement; payer type (Commercial),
CCLM-00411,0.4344,0,Low,payer (P003); total billed amount; prior authorization on file,
CCLM-00466,0.4325,0,Low,payer (P006); prior authorization requirement; payer type (Commercial),
CCLM-00379,0.4318,0,Low,prior authorization requirement; payer type (Commercial); expected payment vs. billed amount,
CCLM-00312,0.4313,0,Low,documentation appears incomplete or missing; referral on file; prior authorization requirement,
CCLM-00234,0.4305,0,Low,prior authorization required but not on file; referral requirement; provider out of network for this payer,
CCLM-00081,0.4303,0,Low,expected payment vs. billed amount; referral on file; payer (P006),
CCLM-00277,0.43,0,Low,referral required but not present; visit type (Inpatient); prior authorization requirement,
CCLM-00291,0.4291,0,Low,expected payment vs. billed amount; prior authorization requirement; payer type (Commercial),
CCLM-00448,0.429,0,Low,prior authorization required but not on file; referral requirement; provider out of network for this payer,
CCLM-00278,0.4269,0,Low,prior authorization on file; payer (P006); payer type (Commercial),
CCLM-00355,0.4267,0,Low,submission timing; referral on file; prior authorization on file,
CCLM-00444,0.4251,0,Low,prior authorization on file; prior authorization requirement; payer type (Commercial),
CCLM-00233,0.4231,0,Low,referral required but not present; prior authorization on file; payer type (Commercial),
CCLM-00162,0.4208,0,Low,payer (P003); referral on file; prior authorization requirement,
CCLM-00449,0.4205,0,Low,prior authorization on file; payer type (Commercial); expected payment vs. billed amount,
CCLM-00437,0.4196,0,Low,prior authorization on file; prior authorization requirement; payer type (Commercial),
CCLM-00460,0.4191,0,Low,prior authorization on file; prior authorization requirement; payer type (Commercial),
CCLM-00075,0.4179,0,Low,expected payment vs. billed amount; prior authorization requirement; payer type (Commercial),
CCLM-00320,0.417,0,Low,expected payment vs. billed amount; prior authorization requirement; payer type (Commercial),
CCLM-00438,0.4164,0,Low,prior authorization on file; visit type (Inpatient); payer type (Commercial),
CCLM-00271,0.4156,0,Low,expected payment vs. billed amount; referral on file; prior authorization requirement,
CCLM-00428,0.4151,0,Low,payer (P003); prior authorization on file; prior authorization requirement,
CCLM-00394,0.4125,0,Low,prior authorization requirement; payer type (Commercial); payer type (Medicaid MCO),
CCLM-00067,0.4117,0,Low,expected payment vs. billed amount; prior authorization on file; payer type (Commercial),
CCLM-00065,0.4085,0,Low,submission timing; prior authorization requirement; referral requirement,
CCLM-00216,0.4083,0,Low,prior authorization on file; prior authorization requirement; referral requirement,
CCLM-00316,0.4082,0,Low,referral on file; prior authorization requirement; payer type (Commercial),
CCLM-00479,0.4077,0,Low,prior authorization on file; prior authorization requirement; payer type (Commercial),
CCLM-00369,0.4076,0,Low,payer (P006); prior authorization requirement; payer type (Commercial),
CCLM-00110,0.4067,0,Low,payer (P008); referral on file; prior authorization requirement,
CCLM-00371,0.4066,0,Low,prior authorization required but not on file; referral requirement; provider out of network for this payer,
CCLM-00091,0.4038,0,Low,submission timing; referral on file; prior authorization on file,
CCLM-00109,0.4037,0,Low,expected payment vs. billed amount; prior authorization requirement; payer type (Commercial),
CCLM-00113,0.4037,0,Low,payer (P006); prior authorization requirement; payer type (Commercial),
CCLM-00430,0.4015,0,Low,prior authorization requirement; referral requirement; provider out of network for this payer,
CCLM-00349,0.3998,0,Low,prior authorization on file; visit type (Inpatient); expected payment vs. billed amount,
CCLM-00150,0.3987,0,Low,prior authorization on file; prior authorization requirement; payer type (Commercial),
CCLM-00496,0.3964,0,Low,expected payment vs. billed amount; prior authorization requirement; payer type (Commercial),
CCLM-00140,0.3956,0,Low,expected payment vs. billed amount; prior authorization requirement; payer type (Commercial),
CCLM-00169,0.3932,0,Low,referral on file; expected payment vs. billed amount; prior authorization on file,
CCLM-00229,0.391,0,Low,prior authorization requirement; payer type (Commercial); referral requirement,
CCLM-00440,0.3902,0,Low,prior authorization on file; visit type (Inpatient); payer type (Commercial),
CCLM-00220,0.3898,0,Low,referral required but not present; prior authorization requirement; payer type (Commercial),
CCLM-00286,0.3894,0,Low,payer (P003); referral required but not present; prior authorization requirement,
CCLM-00398,0.3881,0,Low,prior authorization on file; payer (P006); payer type (Commercial),
CCLM-00118,0.3875,0,Low,prior authorization requirement; payer type (Commercial); referral requirement,
CCLM-00086,0.3871,0,Low,prior authorization requirement; payer type (Commercial); referral requirement,
CCLM-00141,0.3856,0,Low,referral on file; prior authorization requirement; payer type (Commercial),
CCLM-00070,0.3839,0,Low,submission timing; prior authorization on file; referral requirement,
CCLM-00060,0.3814,0,Low,referral on file; prior authorization on file; payer type (Commercial),
CCLM-00332,0.3813,0,Low,expected payment vs. billed amount; prior authorization requirement; payer type (Commercial),
CCLM-00030,0.3804,0,Low,expected payment vs. billed amount; prior authorization on file; payer type (Commercial),
CCLM-00007,0.3803,0,Low,prior authorization requirement; referral requirement; provider out of network for this payer,
CCLM-00490,0.3782,0,Low,referral required but not present; prior authorization requirement; claim submitted more than 30 days after service,
CCLM-00457,0.3767,0,Low,prior authorization requirement; payer type (Commercial); total billed amount,
CCLM-00362,0.3757,0,Low,payer (P003); prior authorization on file; visit type (Inpatient),
CCLM-00181,0.375,0,Low,prior authorization requirement; payer type (Commercial); referral requirement,
CCLM-00164,0.3747,0,Low,prior authorization on file; payer type (Commercial); payer type (Medicaid MCO),
CCLM-00183,0.3739,0,Low,referral on file; payer (P006); expected payment vs. billed amount,
CCLM-00200,0.3737,0,Low,prior authorization on file; visit type (Inpatient); referral requirement,
CCLM-00227,0.3714,0,Low,prior authorization requirement; payer type (Commercial); referral requirement,
CCLM-00451,0.3714,0,Low,prior authorization on file; prior authorization requirement; payer type (Commercial),
CCLM-00097,0.3672,0,Low,prior authorization requirement; payer type (Commercial); referral requirement,
CCLM-00002,0.3638,0,Low,payer (P003); prior authorization on file; submission timing,
CCLM-00298,0.3638,0,Low,referral on file; prior authorization on file; payer type (Commercial),
CCLM-00469,0.3632,0,Low,expected payment vs. billed amount; referral on file; prior authorization on file,
CCLM-00071,0.3621,0,Low,expected payment vs. billed amount; referral on file; prior authorization on file,
CCLM-00219,0.3612,0,Low,prior authorization requirement; referral requirement; provider out of network for this payer,
CCLM-00281,0.3606,0,Low,prior authorization requirement; payer type (Commercial); referral requirement,
CCLM-00172,0.3595,0,Low,prior authorization on file; visit type (Inpatient); total billed amount,
CCLM-00486,0.3582,0,Low,prior authorization requirement; payer type (Commercial); referral requirement,
CCLM-00489,0.3568,0,Low,prior authorization requirement; payer type (Commercial); referral requirement,
CCLM-00249,0.3568,0,Low,payer (P003); prior authorization requirement; referral requirement,
CCLM-00074,0.3552,0,Low,prior authorization requirement; payer type (Commercial); referral requirement,
CCLM-00245,0.3548,0,Low,prior authorization requirement; payer type (Commercial); referral requirement,
CCLM-00374,0.3538,0,Low,referral on file; prior authorization requirement; payer type (Commercial),
CCLM-00079,0.353,0,Low,prior authorization on file; prior authorization requirement; payer type (Commercial),
CCLM-00035,0.3522,0,Low,payer (P003); prior authorization requirement; referral requirement,
CCLM-00246,0.3473,0,Low,submission timing; prior authorization requirement; referral requirement,
CCLM-00129,0.3465,0,Low,prior authorization requirement; payer type (Commercial); referral requirement,
CCLM-00429,0.346,0,Low,referral on file; payer (P006); prior authorization requirement,
CCLM-00350,0.3451,0,Low,payer (P003); prior authorization on file; prior authorization requirement,
CCLM-00261,0.3448,0,Low,prior authorization requirement; payer type (Commercial); referral requirement,
CCLM-00367,0.344,0,Low,prior authorization requirement; payer type (Commercial); payer type (Medicaid MCO),
CCLM-00238,0.3435,0,Low,prior authorization on file; submission timing; referral requirement,
CCLM-00112,0.3406,0,Low,payer (P003); prior authorization on file; referral requirement,
CCLM-00395,0.3402,0,Low,prior authorization on file; visit type (Inpatient); payer type (Commercial),
CCLM-00106,0.3382,0,Low,expected payment vs. billed amount; referral on file; prior authorization on file,
CCLM-00301,0.3372,0,Low,payer (P003); prior authorization on file; visit type (Inpatient),
CCLM-00188,0.3368,0,Low,referral on file; prior authorization on file; visit type (Inpatient),
CCLM-00256,0.3344,0,Low,prior authorization on file; payer type (Commercial); referral requirement,
CCLM-00409,0.3332,0,Low,prior authorization requirement; referral requirement; provider out of network for this payer,
CCLM-00343,0.3324,0,Low,prior authorization on file; payer type (Commercial); referral requirement,
CCLM-00008,0.331,0,Low,prior authorization on file; prior authorization requirement; referral requirement,
CCLM-00302,0.3295,0,Low,payer (P003); prior authorization requirement; referral requirement,
CCLM-00283,0.3288,0,Low,prior authorization requirement; payer type (Commercial); referral requirement,
CCLM-00024,0.3275,0,Low,prior authorization on file; visit type (Inpatient); referral requirement,
CCLM-00260,0.3268,0,Low,referral on file; payer (P006); prior authorization requirement,
CCLM-00210,0.3253,0,Low,referral on file; prior authorization requirement; payer type (Commercial),
CCLM-00132,0.3247,0,Low,prior authorization on file; total billed amount; visit type (Inpatient),
CCLM-00066,0.3245,0,Low,prior authorization on file; payer type (Commercial); referral requirement,
CCLM-00391,0.3211,0,Low,payer (P003); prior authorization requirement; referral requirement,
CCLM-00453,0.3209,0,Low,prior authorization requirement; referral requirement; provider out of network for this payer,
CCLM-00057,0.3209,0,Low,referral on file; prior authorization requirement; payer type (Commercial),
CCLM-00348,0.3207,0,Low,referral required but not present; prior authorization requirement; provider out of network for this payer,
CCLM-00434,0.3205,0,Low,payer (P003); prior authorization requirement; referral requirement,
CCLM-00226,0.3182,0,Low,prior authorization requirement; payer type (Commercial); referral requirement,
CCLM-00420,0.3154,0,Low,prior authorization requirement; payer type (Commercial); referral requirement,
CCLM-00001,0.3147,0,Low,prior authorization requirement; referral requirement; expected payment vs. billed amount,
CCLM-00021,0.3138,0,Low,payer (P003); prior authorization requirement; referral requirement,
CCLM-00038,0.3135,0,Low,referral on file; payer (P006); prior authorization requirement,
CCLM-00243,0.3126,0,Low,prior authorization requirement; payer type (Commercial); referral requirement,
CCLM-00016,0.3102,0,Low,prior authorization requirement; referral requirement; provider out of network for this payer,
CCLM-00160,0.3098,0,Low,prior authorization requirement; payer type (Commercial); referral requirement,
CCLM-00366,0.3093,0,Low,referral on file; prior authorization on file; provider out of network for this payer,
CCLM-00043,0.3093,0,Low,referral on file; prior authorization on file; expected payment vs. billed amount,
CCLM-00228,0.3088,0,Low,prior authorization on file; visit type (Inpatient); referral requirement,
CCLM-00414,0.3083,0,Low,prior authorization on file; prior authorization requirement; referral requirement,
CCLM-00223,0.3075,0,Low,referral on file; prior authorization requirement; payer type (Commercial),
CCLM-00069,0.3075,0,Low,payer (P003); prior authorization requirement; referral requirement,
CCLM-00346,0.3073,0,Low,payer (P003); prior authorization on file; referral requirement,
CCLM-00131,0.3068,0,Low,prior authorization on file; payer type (Commercial); referral requirement,
CCLM-00072,0.3053,0,Low,prior authorization requirement; referral requirement; provider out of network for this payer,
CCLM-00387,0.3044,0,Low,referral required but not present; prior authorization requirement; number of diagnosis codes,
CCLM-00340,0.3044,0,Low,prior authorization on file; visit type (Inpatient); referral requirement,
CCLM-00353,0.3035,0,Low,submission timing; prior authorization on file; referral requirement,
CCLM-00059,0.3028,0,Low,payer (P003); prior authorization requirement; referral requirement,
CCLM-00236,0.3019,0,Low,referral on file; prior authorization on file; prior authorization requirement,
CCLM-00309,0.3016,0,Low,payer (P003); prior authorization requirement; referral requirement,
CCLM-00417,0.3013,0,Low,submission timing; prior authorization requirement; referral requirement,
CCLM-00497,0.3012,0,Low,prior authorization requirement; referral requirement; claim submitted more than 30 days after service,
CCLM-00454,0.3008,0,Low,prior authorization on file; payer type (Commercial); referral requirement,
CCLM-00297,0.2999,0,Low,prior authorization on file; payer type (Commercial); referral requirement,
CCLM-00161,0.2993,0,Low,referral on file; prior authorization requirement; referral requirement,
CCLM-00342,0.2982,0,Low,referral on file; total billed amount; prior authorization on file,
CCLM-00133,0.2977,0,Low,referral on file; prior authorization on file; payer type (Commercial),
CCLM-00107,0.2969,0,Low,prior authorization requirement; referral requirement; provider out of network for this payer,
CCLM-00201,0.2965,0,Low,payer (P003); prior authorization requirement; referral requirement,
CCLM-00480,0.2964,0,Low,payer (P003); prior authorization requirement; referral requirement,
CCLM-00396,0.2964,0,Low,prior authorization requirement; referral requirement; provider out of network for this payer,
CCLM-00095,0.2959,0,Low,referral on file; prior authorization on file; payer type (Commercial),
CCLM-00306,0.2947,0,Low,prior authorization requirement; referral requirement; provider out of network for this payer,
CCLM-00064,0.2906,0,Low,expected payment vs. billed amount; referral on file; prior authorization on file,
CCLM-00351,0.2906,0,Low,payer (P003); prior authorization requirement; referral requirement,
CCLM-00241,0.2873,0,Low,prior authorization on file; submission timing; referral requirement,
CCLM-00218,0.2865,0,Low,prior authorization on file; referral requirement; submission timing,
CCLM-00276,0.2848,0,Low,prior authorization requirement; referral requirement; claim submitted more than 30 days after service,
CCLM-00493,0.2842,0,Low,prior authorization requirement; referral requirement; provider out of network for this payer,
CCLM-00193,0.2834,0,Low,prior authorization on file; visit type (Inpatient); referral requirement,
CCLM-00274,0.2827,0,Low,visit type (Inpatient); prior authorization requirement; referral requirement,
CCLM-00400,0.2825,0,Low,payer (P003); prior authorization requirement; referral requirement,
CCLM-00347,0.2825,0,Low,prior authorization requirement; referral requirement; claim submitted more than 30 days after service,
CCLM-00292,0.2821,0,Low,payer (P003); referral on file; visit type (Inpatient),
CCLM-00027,0.2816,0,Low,referral on file; prior authorization requirement; payer type (Commercial),
CCLM-00389,0.2814,0,Low,prior authorization requirement; payer type (Commercial); referral requirement,
CCLM-00127,0.2813,0,Low,prior authorization requirement; submission timing; referral requirement,
CCLM-00033,0.2777,0,Low,referral on file; prior authorization on file; visit type (Inpatient),
CCLM-00083,0.2772,0,Low,payer (P003); prior authorization requirement; referral requirement,
CCLM-00047,0.2761,0,Low,payer (P003); prior authorization on file; referral requirement,
CCLM-00483,0.2751,0,Low,prior authorization requirement; referral requirement; provider out of network for this payer,
CCLM-00266,0.269,0,Low,submission timing; prior authorization requirement; referral requirement,
CCLM-00293,0.2688,0,Low,referral on file; prior authorization requirement; payer type (Commercial),
CCLM-00330,0.2676,0,Low,payer (P003); prior authorization on file; referral requirement,
CCLM-00465,0.2628,0,Low,prior authorization on file; prior authorization requirement; referral requirement,
CCLM-00300,0.2602,0,Low,prior authorization on file; prior authorization requirement; referral requirement,
CCLM-00265,0.2568,0,Low,prior authorization requirement; referral requirement; claim submitted more than 30 days after service,
CCLM-00322,0.2532,0,Low,prior authorization on file; prior authorization requirement; referral requirement,
CCLM-00258,0.253,0,Low,prior authorization on file; visit type (Inpatient); referral requirement,
CCLM-00425,0.2518,0,Low,prior authorization requirement; referral requirement; provider out of network for this payer,
CCLM-00426,0.2516,0,Low,prior authorization on file; referral requirement; provider out of network for this payer,
CCLM-00499,0.2515,0,Low,prior authorization requirement; referral requirement; provider out of network for this payer,
CCLM-00167,0.2508,0,Low,prior authorization on file; prior authorization requirement; referral requirement,
CCLM-00198,0.2492,0,Low,prior authorization requirement; submission timing; referral requirement,
CCLM-00357,0.2491,0,Low,prior authorization on file; submission timing; referral requirement,
CCLM-00335,0.2491,0,Low,prior authorization requirement; referral requirement; claim submitted more than 30 days after service,
CCLM-00119,0.249,0,Low,prior authorization on file; referral requirement; provider out of network for this payer,
CCLM-00406,0.247,0,Low,referral on file; prior authorization requirement; referral requirement,
CCLM-00026,0.2458,0,Low,prior authorization requirement; referral requirement; provider out of network for this payer,
CCLM-00211,0.244,0,Low,payer (P003); referral on file; prior authorization requirement,
CCLM-00363,0.2405,0,Low,referral on file; prior authorization requirement; payer type (Commercial),
CCLM-00323,0.2404,0,Low,prior authorization requirement; referral requirement; provider out of network for this payer,
CCLM-00456,0.2403,0,Low,prior authorization requirement; referral requirement; provider out of network for this payer,
CCLM-00327,0.2397,0,Low,prior authorization requirement; referral requirement; provider out of network for this payer,
CCLM-00336,0.2387,0,Low,payer (P003); referral on file; prior authorization requirement,
CCLM-00111,0.2385,0,Low,prior authorization on file; referral requirement; provider out of network for this payer,
CCLM-00289,0.2384,0,Low,prior authorization on file; referral requirement; provider out of network for this payer,
CCLM-00034,0.2363,0,Low,prior authorization on file; visit type (Inpatient); referral requirement,
CCLM-00356,0.2351,0,Low,prior authorization requirement; referral requirement; provider out of network for this payer,
CCLM-00029,0.2351,0,Low,prior authorization requirement; referral requirement; claim submitted more than 30 days after service,
CCLM-00078,0.2337,0,Low,prior authorization requirement; referral requirement; provider out of network for this payer,
CCLM-00155,0.2308,0,Low,referral on file; prior authorization requirement; provider out of network for this payer,
CCLM-00264,0.2305,0,Low,prior authorization requirement; referral requirement; provider out of network for this payer,
CCLM-00197,0.2303,0,Low,payer (P003); referral on file; prior authorization requirement,
CCLM-00041,0.23,0,Low,prior authorization on file; referral requirement; provider out of network for this payer,
CCLM-00056,0.229,0,Low,referral on file; prior authorization on file; provider out of network for this payer,
CCLM-00100,0.2278,0,Low,prior authorization requirement; referral requirement; provider out of network for this payer,
CCLM-00146,0.2269,0,Low,referral on file; prior authorization on file; provider out of network for this payer,
CCLM-00485,0.2262,0,Low,prior authorization on file; prior authorization requirement; referral requirement,
CCLM-00093,0.2237,0,Low,prior authorization on file; visit type (Inpatient); referral requirement,
CCLM-00084,0.2219,0,Low,referral on file; prior authorization requirement; provider out of network for this payer,
CCLM-00237,0.2213,0,Low,referral on file; prior authorization on file; visit type (Inpatient),
CCLM-00399,0.221,0,Low,prior authorization on file; referral requirement; claim submitted more than 30 days after service,
CCLM-00267,0.2195,0,Low,payer (P003); referral on file; prior authorization requirement,
CCLM-00105,0.2186,0,Low,prior authorization on file; referral requirement; provider out of network for this payer,
CCLM-00175,0.2177,0,Low,prior authorization on file; visit type (Inpatient); referral requirement,
CCLM-00433,0.2149,0,Low,prior authorization requirement; referral requirement; provider out of network for this payer,
CCLM-00186,0.214,0,Low,prior authorization requirement; referral requirement; provider out of network for this payer,
CCLM-00205,0.2104,0,Low,referral on file; prior authorization on file; referral requirement,
CCLM-00361,0.2101,0,Low,prior authorization requirement; referral requirement; provider out of network for this payer,
CCLM-00123,0.2095,0,Low,prior authorization requirement; referral requirement; provider out of network for this payer,
CCLM-00303,0.2035,0,Low,prior authorization on file; referral requirement; provider out of network for this payer,
CCLM-00244,0.2019,0,Low,referral on file; prior authorization on file; visit type (Inpatient),
CCLM-00462,0.2016,0,Low,prior authorization requirement; referral requirement; provider out of network for this payer,
CCLM-00242,0.1937,0,Low,referral on file; prior authorization requirement; provider out of network for this payer,
CCLM-00482,0.1935,0,Low,referral on file; prior authorization requirement; provider out of network for this payer,
CCLM-00232,0.1912,0,Low,prior authorization on file; referral requirement; provider out of network for this payer,
CCLM-00427,0.1909,0,Low,referral on file; prior authorization on file; referral requirement,
CCLM-00368,0.1898,0,Low,referral on file; prior authorization requirement; submission timing,
CCLM-00010,0.1893,0,Low,prior authorization requirement; referral requirement; provider out of network for this payer,
CCLM-00225,0.1872,0,Low,referral on file; prior authorization requirement; number of diagnosis codes,
CCLM-00138,0.1848,0,Low,prior authorization requirement; submission timing; referral requirement,
CCLM-00284,0.1832,0,Low,prior authorization requirement; referral requirement; provider out of network for this payer,
CCLM-00358,0.1831,0,Low,prior authorization requirement; referral requirement; provider out of network for this payer,
CCLM-00096,0.183,0,Low,referral on file; visit type (Inpatient); prior authorization requirement,
CCLM-00090,0.1818,0,Low,prior authorization requirement; referral requirement; provider out of network for this payer,
CCLM-00403,0.1795,0,Low,referral on file; prior authorization requirement; provider out of network for this payer,
CCLM-00329,0.1725,0,Low,prior authorization on file; referral requirement; provider out of network for this payer,
CCLM-00415,0.1713,0,Low,prior authorization on file; prior authorization requirement; referral requirement,
CCLM-00445,0.1682,0,Low,prior authorization requirement; referral requirement; provider out of network for this payer,
CCLM-00419,0.1657,0,Low,prior authorization requirement; referral requirement; provider out of network for this payer,
CCLM-00208,0.1621,0,Low,prior authorization on file; referral requirement; provider out of network for this payer,
CCLM-00273,0.1614,0,Low,prior authorization on file; referral requirement; provider out of network for this payer,
CCLM-00022,0.1606,0,Low,prior authorization requirement; referral requirement; provider out of network for this payer,
CCLM-00458,0.144,0,Low,referral on file; prior authorization requirement; claim submitted more than 30 days after service,
CCLM-00185,0.1434,0,Low,prior authorization on file; referral requirement; provider out of network for this payer,
CCLM-00153,0.1413,0,Low,prior authorization on file; referral requirement; provider out of network for this payer,
CCLM-00250,0.1304,0,Low,prior authorization on file; referral requirement; provider out of network for this payer,
CCLM-00442,0.1143,0,Low,referral on file; prior authorization requirement; provider out of network for this payer,
